Category,Instance,Config,Algorithm,Run,Seed,HV,Non-dominated,Time
Small,cap61,P1,NSGA-II,1,1001,0.992,8,0.535
Small,cap61,P1,SPEA2,1,1001,1.013,9,2.235
Small,cap61,P1,NSGA-II,2,1002,0.979,10,0.537
Small,cap61,P1,SPEA2,2,1002,1.034,8,2.408
Small,cap61,P1,NSGA-II,3,1003,0.959,9,0.568
Small,cap61,P1,SPEA2,3,1003,0.945,9,1.948
Small,cap61,P1,NSGA-II,4,1004,0.989,9,0.515
Small,cap61,P1,SPEA2,4,1004,0.986,9,2.582
Small,cap61,P1,NSGA-II,5,1005,1.009,8,0.525
Small,cap61,P1,SPEA2,5,1005,1.018,8,2.434
Small,cap61,P1,NSGA-II,6,1006,0.963,6,0.528
Small,cap61,P1,SPEA2,6,1006,0.964,8,2.675
Small,cap61,P1,NSGA-II,7,1007,0.925,7,0.527
Small,cap61,P1,SPEA2,7,1007,0.918,7,2.370
Small,cap61,P1,NSGA-II,8,1008,0.999,9,0.512
Small,cap61,P1,SPEA2,8,1008,0.963,9,2.174
Small,cap61,P1,NSGA-II,9,1009,1.005,7,0.535
Small,cap61,P1,SPEA2,9,1009,1.071,6,3.126
Small,cap61,P1,NSGA-II,10,1010,0.969,10,0.512
Small,cap61,P1,SPEA2,10,1010,0.937,11,2.065
Small,cap61,P2,NSGA-II,1,1001,1.042,8,0.950
Small,cap61,P2,SPEA2,1,1001,1.052,10,2.097
Small,cap61,P2,NSGA-II,2,1002,1.003,9,0.920
Small,cap61,P2,SPEA2,2,1002,1.033,10,2.574
Small,cap61,P2,NSGA-II,3,1003,1.016,9,0.926
Small,cap61,P2,SPEA2,3,1003,0.989,9,1.834
Small,cap61,P2,NSGA-II,4,1004,1.033,8,0.912
Small,cap61,P2,SPEA2,4,1004,1.005,8,2.625
Small,cap61,P2,NSGA-II,5,1005,1.038,9,0.901
Small,cap61,P2,SPEA2,5,1005,1.052,6,3.556
Small,cap61,P2,NSGA-II,6,1006,0.976,10,0.927
Small,cap61,P2,SPEA2,6,1006,0.953,11,2.120
Small,cap61,P2,NSGA-II,7,1007,0.979,8,0.923
Small,cap61,P2,SPEA2,7,1007,1.013,9,2.080
Small,cap61,P2,NSGA-II,8,1008,1.019,6,0.918
Small,cap61,P2,SPEA2,8,1008,0.984,8,1.603
Small,cap61,P2,NSGA-II,9,1009,1.058,9,0.928
Small,cap61,P2,SPEA2,9,1009,1.064,9,2.936
Small,cap61,P2,NSGA-II,10,1010,1.026,10,0.907
Small,cap61,P2,SPEA2,10,1010,1.045,8,2.236
Small,cap61,P3,NSGA-II,1,1001,1.040,10,1.317
Small,cap61,P3,SPEA2,1,1001,1.040,9,2.383
Small,cap61,P3,NSGA-II,2,1002,1.032,10,1.290
Small,cap61,P3,SPEA2,2,1002,1.054,9,2.347
Small,cap61,P3,NSGA-II,3,1003,1.006,9,1.306
Small,cap61,P3,SPEA2,3,1003,1.028,9,2.356
Small,cap61,P3,NSGA-II,4,1004,1.020,10,1.292
Small,cap61,P3,SPEA2,4,1004,1.016,8,2.362
Small,cap61,P3,NSGA-II,5,1005,1.063,10,1.289
Small,cap61,P3,SPEA2,5,1005,1.035,11,2.813
Small,cap61,P3,NSGA-II,6,1006,1.016,10,1.300
Small,cap61,P3,SPEA2,6,1006,1.014,9,2.358
Small,cap61,P3,NSGA-II,7,1007,1.031,11,1.309
Small,cap61,P3,SPEA2,7,1007,1.036,9,2.385
Small,cap61,P3,NSGA-II,8,1008,1.077,9,1.291
Small,cap61,P3,SPEA2,8,1008,1.053,11,2.353
Small,cap61,P3,NSGA-II,9,1009,1.057,7,1.311
Small,cap61,P3,SPEA2,9,1009,1.044,8,2.378
Small,cap61,P3,NSGA-II,10,1010,1.051,11,1.291
Small,cap61,P3,SPEA2,10,1010,1.062,10,2.354
Small,cap62,P1,NSGA-II,1,1001,0.992,8,0.536
Small,cap62,P1,SPEA2,1,1001,1.013,9,2.242
Small,cap62,P1,NSGA-II,2,1002,0.979,10,0.520
Small,cap62,P1,SPEA2,2,1002,1.034,8,2.360
Small,cap62,P1,NSGA-II,3,1003,0.959,9,0.547
Small,cap62,P1,SPEA2,3,1003,0.939,9,2.281
Small,cap62,P1,NSGA-II,4,1004,0.989,9,0.527
Small,cap62,P1,SPEA2,4,1004,0.986,9,2.638
Small,cap62,P1,NSGA-II,5,1005,1.044,9,0.528
Small,cap62,P1,SPEA2,5,1005,1.018,8,2.451
Small,cap62,P1,NSGA-II,6,1006,0.963,6,0.526
Small,cap62,P1,SPEA2,6,1006,0.964,8,2.705
Small,cap62,P1,NSGA-II,7,1007,0.925,7,0.525
Small,cap62,P1,SPEA2,7,1007,0.918,7,2.386
Small,cap62,P1,NSGA-II,8,1008,0.999,9,0.514
Small,cap62,P1,SPEA2,8,1008,0.963,9,2.181
Small,cap62,P1,NSGA-II,9,1009,1.005,7,0.533
Small,cap62,P1,SPEA2,9,1009,1.071,6,3.157
Small,cap62,P1,NSGA-II,10,1010,0.969,10,0.512
Small,cap62,P1,SPEA2,10,1010,0.937,11,2.079
Small,cap62,P2,NSGA-II,1,1001,1.042,8,0.944
Small,cap62,P2,SPEA2,1,1001,1.025,9,3.693
Small,cap62,P2,NSGA-II,2,1002,1.003,9,0.918
Small,cap62,P2,SPEA2,2,1002,1.033,10,2.588
Small,cap62,P2,NSGA-II,3,1003,1.016,9,0.927
Small,cap62,P2,SPEA2,3,1003,1.010,9,1.892
Small,cap62,P2,NSGA-II,4,1004,1.033,8,0.926
Small,cap62,P2,SPEA2,4,1004,1.005,8,2.672
Small,cap62,P2,NSGA-II,5,1005,1.038,9,0.897
Small,cap62,P2,SPEA2,5,1005,1.052,6,3.559
Small,cap62,P2,NSGA-II,6,1006,0.976,10,0.925
Small,cap62,P2,SPEA2,6,1006,0.970,10,2.482
Small,cap62,P2,NSGA-II,7,1007,0.979,8,0.918
Small,cap62,P2,SPEA2,7,1007,1.013,9,2.081
Small,cap62,P2,NSGA-II,8,1008,1.019,6,0.914
Small,cap62,P2,SPEA2,8,1008,0.984,8,1.601
Small,cap62,P2,NSGA-II,9,1009,1.058,9,0.911
Small,cap62,P2,SPEA2,9,1009,1.064,9,2.933
Small,cap62,P2,NSGA-II,10,1010,1.026,10,0.905
Small,cap62,P2,SPEA2,10,1010,1.045,8,2.219
Small,cap62,P3,NSGA-II,1,1001,1.040,10,1.314
Small,cap62,P3,SPEA2,1,1001,1.040,9,2.394
Small,cap62,P3,NSGA-II,2,1002,1.032,10,1.289
Small,cap62,P3,SPEA2,2,1002,1.054,9,2.350
Small,cap62,P3,NSGA-II,3,1003,1.010,10,1.323
Small,cap62,P3,SPEA2,3,1003,1.028,9,2.363
Small,cap62,P3,NSGA-II,4,1004,1.020,10,1.292
Small,cap62,P3,SPEA2,4,1004,1.016,8,2.358
Small,cap62,P3,NSGA-II,5,1005,1.063,10,1.285
Small,cap62,P3,SPEA2,5,1005,1.047,8,2.366
Small,cap62,P3,NSGA-II,6,1006,1.016,10,1.294
Small,cap62,P3,SPEA2,6,1006,0.999,10,3.302
Small,cap62,P3,NSGA-II,7,1007,1.027,11,1.303
Small,cap62,P3,SPEA2,7,1007,1.030,9,2.902
Small,cap62,P3,NSGA-II,8,1008,1.077,9,1.290
Small,cap62,P3,SPEA2,8,1008,1.053,11,2.358
Small,cap62,P3,NSGA-II,9,1009,1.057,7,1.309
Small,cap62,P3,SPEA2,9,1009,1.046,9,2.376
Small,cap62,P3,NSGA-II,10,1010,1.051,11,1.294
Small,cap62,P3,SPEA2,10,1010,1.062,10,2.354
Medium,cap101,P1,NSGA-II,1,1001,0.930,16,0.505
Medium,cap101,P1,SPEA2,1,1001,0.951,15,2.478
Medium,cap101,P1,NSGA-II,2,1002,0.878,16,0.506
Medium,cap101,P1,SPEA2,2,1002,0.914,14,1.936
Medium,cap101,P1,NSGA-II,3,1003,0.933,15,0.505
Medium,cap101,P1,SPEA2,3,1003,0.888,14,2.125
Medium,cap101,P1,NSGA-II,4,1004,0.942,17,0.502
Medium,cap101,P1,SPEA2,4,1004,0.889,14,1.959
Medium,cap101,P1,NSGA-II,5,1005,0.886,15,0.507
Medium,cap101,P1,SPEA2,5,1005,0.939,14,1.977
Medium,cap101,P1,NSGA-II,6,1006,0.919,13,0.508
Medium,cap101,P1,SPEA2,6,1006,0.944,13,2.195
Medium,cap101,P1,NSGA-II,7,1007,0.945,15,0.505
Medium,cap101,P1,SPEA2,7,1007,0.943,15,2.466
Medium,cap101,P1,NSGA-II,8,1008,0.913,14,0.508
Medium,cap101,P1,SPEA2,8,1008,0.917,14,2.190
Medium,cap101,P1,NSGA-II,9,1009,0.973,14,0.506
Medium,cap101,P1,SPEA2,9,1009,0.871,14,2.292
Medium,cap101,P1,NSGA-II,10,1010,0.910,14,0.513
Medium,cap101,P1,SPEA2,10,1010,0.900,14,2.219
Medium,cap101,P2,NSGA-II,1,1001,1.009,14,0.906
Medium,cap101,P2,SPEA2,1,1001,1.000,16,3.197
Medium,cap101,P2,NSGA-II,2,1002,0.967,13,0.897
Medium,cap101,P2,SPEA2,2,1002,0.917,17,2.891
Medium,cap101,P2,NSGA-II,3,1003,0.912,12,0.898
Medium,cap101,P2,SPEA2,3,1003,0.975,13,2.027
Medium,cap101,P2,NSGA-II,4,1004,0.945,15,0.901
Medium,cap101,P2,SPEA2,4,1004,0.976,16,2.494
Medium,cap101,P2,NSGA-II,5,1005,0.937,12,0.915
Medium,cap101,P2,SPEA2,5,1005,0.945,14,2.354
Medium,cap101,P2,NSGA-II,6,1006,0.967,15,0.900
Medium,cap101,P2,SPEA2,6,1006,0.971,12,4.075
Medium,cap101,P2,NSGA-II,7,1007,1.000,15,0.895
Medium,cap101,P2,SPEA2,7,1007,0.957,14,2.400
Medium,cap101,P2,NSGA-II,8,1008,0.955,14,0.901
Medium,cap101,P2,SPEA2,8,1008,0.916,16,2.701
Medium,cap101,P2,NSGA-II,9,1009,1.023,15,0.899
Medium,cap101,P2,SPEA2,9,1009,0.980,16,3.212
Medium,cap101,P2,NSGA-II,10,1010,0.979,16,0.913
Medium,cap101,P2,SPEA2,10,1010,0.955,15,2.661
Medium,cap101,P3,NSGA-II,1,1001,1.002,15,1.300
Medium,cap101,P3,SPEA2,1,1001,1.016,15,2.386
Medium,cap101,P3,NSGA-II,2,1002,0.993,16,1.282
Medium,cap101,P3,SPEA2,2,1002,0.935,17,2.561
Medium,cap101,P3,NSGA-II,3,1003,0.978,14,1.300
Medium,cap101,P3,SPEA2,3,1003,0.982,14,2.375
Medium,cap101,P3,NSGA-II,4,1004,1.040,14,1.284
Medium,cap101,P3,SPEA2,4,1004,1.028,16,2.375
Medium,cap101,P3,NSGA-II,5,1005,0.934,16,1.293
Medium,cap101,P3,SPEA2,5,1005,0.916,18,2.445
Medium,cap101,P3,NSGA-II,6,1006,0.990,15,1.305
Medium,cap101,P3,SPEA2,6,1006,0.960,15,2.451
Medium,cap101,P3,NSGA-II,7,1007,0.994,16,1.291
Medium,cap101,P3,SPEA2,7,1007,0.966,15,3.117
Medium,cap101,P3,NSGA-II,8,1008,0.954,18,1.292
Medium,cap101,P3,SPEA2,8,1008,0.948,17,2.416
Medium,cap101,P3,NSGA-II,9,1009,0.963,14,1.287
Medium,cap101,P3,SPEA2,9,1009,0.960,16,2.411
Medium,cap101,P3,NSGA-II,10,1010,0.987,14,1.301
Medium,cap101,P3,SPEA2,10,1010,0.986,16,2.371
Medium,cap102,P1,NSGA-II,1,1001,0.930,16,0.508
Medium,cap102,P1,SPEA2,1,1001,0.951,15,2.490
Medium,cap102,P1,NSGA-II,2,1002,0.878,16,0.503
Medium,cap102,P1,SPEA2,2,1002,0.914,14,1.940
Medium,cap102,P1,NSGA-II,3,1003,0.933,15,0.506
Medium,cap102,P1,SPEA2,3,1003,0.888,14,2.129
Medium,cap102,P1,NSGA-II,4,1004,0.942,17,0.501
Medium,cap102,P1,SPEA2,4,1004,0.889,14,1.995
Medium,cap102,P1,NSGA-II,5,1005,0.886,15,0.509
Medium,cap102,P1,SPEA2,5,1005,0.939,14,1.991
Medium,cap102,P1,NSGA-II,6,1006,0.919,13,0.508
Medium,cap102,P1,SPEA2,6,1006,0.944,13,2.208
Medium,cap102,P1,NSGA-II,7,1007,0.945,15,0.507
Medium,cap102,P1,SPEA2,7,1007,0.943,15,2.459
Medium,cap102,P1,NSGA-II,8,1008,0.913,14,0.506
Medium,cap102,P1,SPEA2,8,1008,0.917,14,2.199
Medium,cap102,P1,NSGA-II,9,1009,0.973,14,0.513
Medium,cap102,P1,SPEA2,9,1009,0.871,14,2.314
Medium,cap102,P1,NSGA-II,10,1010,0.910,14,0.508
Medium,cap102,P1,SPEA2,10,1010,0.900,14,2.230
Medium,cap102,P2,NSGA-II,1,1001,1.009,14,0.905
Medium,cap102,P2,SPEA2,1,1001,1.000,16,3.203
Medium,cap102,P2,NSGA-II,2,1002,0.967,13,0.902
Medium,cap102,P2,SPEA2,2,1002,0.917,17,2.907
Medium,cap102,P2,NSGA-II,3,1003,0.912,12,0.904
Medium,cap102,P2,SPEA2,3,1003,0.975,13,2.030
Medium,cap102,P2,NSGA-II,4,1004,0.945,15,0.904
Medium,cap102,P2,SPEA2,4,1004,0.976,16,2.503
Medium,cap102,P2,NSGA-II,5,1005,0.937,12,0.918
Medium,cap102,P2,SPEA2,5,1005,0.945,14,2.374
Medium,cap102,P2,NSGA-II,6,1006,0.967,15,0.904
Medium,cap102,P2,SPEA2,6,1006,0.971,12,4.077
Medium,cap102,P2,NSGA-II,7,1007,1.000,15,0.900
Medium,cap102,P2,SPEA2,7,1007,0.957,14,2.418
Medium,cap102,P2,NSGA-II,8,1008,0.955,14,0.905
Medium,cap102,P2,SPEA2,8,1008,0.916,16,2.649
Medium,cap102,P2,NSGA-II,9,1009,1.023,15,0.902
Medium,cap102,P2,SPEA2,9,1009,0.980,16,3.252
Medium,cap102,P2,NSGA-II,10,1010,0.979,16,0.897
Medium,cap102,P2,SPEA2,10,1010,0.955,15,2.648
Medium,cap102,P3,NSGA-II,1,1001,1.002,15,1.333
Medium,cap102,P3,SPEA2,1,1001,1.016,15,2.389
Medium,cap102,P3,NSGA-II,2,1002,0.993,16,1.305
Medium,cap102,P3,SPEA2,2,1002,0.935,17,2.577
Medium,cap102,P3,NSGA-II,3,1003,0.978,14,1.305
Medium,cap102,P3,SPEA2,3,1003,0.982,14,2.408
Medium,cap102,P3,NSGA-II,4,1004,1.040,14,1.289
Medium,cap102,P3,SPEA2,4,1004,1.028,16,2.404
Medium,cap102,P3,NSGA-II,5,1005,0.934,16,1.308
Medium,cap102,P3,SPEA2,5,1005,0.916,18,2.402
Medium,cap102,P3,NSGA-II,6,1006,0.990,15,1.306
Medium,cap102,P3,SPEA2,6,1006,0.960,15,2.413
Medium,cap102,P3,NSGA-II,7,1007,0.994,16,1.294
Medium,cap102,P3,SPEA2,7,1007,0.966,15,3.113
Medium,cap102,P3,NSGA-II,8,1008,0.954,18,1.305
Medium,cap102,P3,SPEA2,8,1008,0.948,17,2.397
Medium,cap102,P3,NSGA-II,9,1009,0.963,14,1.294
Medium,cap102,P3,SPEA2,9,1009,0.960,16,2.403
Medium,cap102,P3,NSGA-II,10,1010,0.987,14,1.298
Medium,cap102,P3,SPEA2,10,1010,0.986,16,2.382
Large,cap121,P1,NSGA-II,1,1001,1.045,27,0.539
Large,cap121,P1,SPEA2,1,1001,1.053,26,2.050
Large,cap121,P1,NSGA-II,2,1002,1.067,24,0.528
Large,cap121,P1,SPEA2,2,1002,1.082,23,2.211
Large,cap121,P1,NSGA-II,3,1003,1.073,24,0.525
Large,cap121,P1,SPEA2,3,1003,1.053,20,2.509
Large,cap121,P1,NSGA-II,4,1004,1.080,23,0.524
Large,cap121,P1,SPEA2,4,1004,1.069,21,2.087
Large,cap121,P1,NSGA-II,5,1005,1.071,26,0.583
Large,cap121,P1,SPEA2,5,1005,1.076,23,2.051
Large,cap121,P1,NSGA-II,6,1006,1.042,24,0.613
Large,cap121,P1,SPEA2,6,1006,1.034,21,1.952
Large,cap121,P1,NSGA-II,7,1007,1.062,24,0.520
Large,cap121,P1,SPEA2,7,1007,1.059,24,2.261
Large,cap121,P1,NSGA-II,8,1008,1.046,23,0.531
Large,cap121,P1,SPEA2,8,1008,1.032,23,2.696
Large,cap121,P1,NSGA-II,9,1009,1.070,19,0.521
Large,cap121,P1,SPEA2,9,1009,1.054,22,2.228
Large,cap121,P1,NSGA-II,10,1010,1.022,25,0.530
Large,cap121,P1,SPEA2,10,1010,1.036,24,2.237
Large,cap121,P2,NSGA-II,1,1001,1.082,25,0.932
Large,cap121,P2,SPEA2,1,1001,1.070,23,3.729
Large,cap121,P2,NSGA-II,2,1002,1.071,24,0.923
Large,cap121,P2,SPEA2,2,1002,1.078,19,4.886
Large,cap121,P2,NSGA-II,3,1003,1.105,19,0.933
Large,cap121,P2,SPEA2,3,1003,1.065,20,4.135
Large,cap121,P2,NSGA-II,4,1004,1.061,20,0.938
Large,cap121,P2,SPEA2,4,1004,1.052,22,2.897
Large,cap121,P2,NSGA-II,5,1005,1.081,23,0.950
Large,cap121,P2,SPEA2,5,1005,1.078,26,2.908
Large,cap121,P2,NSGA-II,6,1006,1.061,25,0.956
Large,cap121,P2,SPEA2,6,1006,1.064,25,2.846
Large,cap121,P2,NSGA-II,7,1007,1.064,27,0.921
Large,cap121,P2,SPEA2,7,1007,1.102,24,3.108
Large,cap121,P2,NSGA-II,8,1008,1.061,24,0.927
Large,cap121,P2,SPEA2,8,1008,1.061,20,3.223
Large,cap121,P2,NSGA-II,9,1009,1.078,24,0.940
Large,cap121,P2,SPEA2,9,1009,1.077,22,3.046
Large,cap121,P2,NSGA-II,10,1010,1.104,21,0.931
Large,cap121,P2,SPEA2,10,1010,1.101,23,4.257
Large,cap121,P3,NSGA-II,1,1001,1.086,22,1.346
Large,cap121,P3,SPEA2,1,1001,1.078,21,2.454
Large,cap121,P3,NSGA-II,2,1002,1.089,25,1.340
Large,cap121,P3,SPEA2,2,1002,1.063,26,3.286
Large,cap121,P3,NSGA-II,3,1003,1.073,23,1.383
Large,cap121,P3,SPEA2,3,1003,1.108,20,2.618
Large,cap121,P3,NSGA-II,4,1004,1.078,29,1.347
Large,cap121,P3,SPEA2,4,1004,1.061,23,2.454
Large,cap121,P3,NSGA-II,5,1005,1.083,24,1.435
Large,cap121,P3,SPEA2,5,1005,1.077,26,3.575
Large,cap121,P3,NSGA-II,6,1006,1.037,24,1.355
Large,cap121,P3,SPEA2,6,1006,1.036,22,4.362
Large,cap121,P3,NSGA-II,7,1007,1.075,25,1.337
Large,cap121,P3,SPEA2,7,1007,1.080,25,2.438
Large,cap121,P3,NSGA-II,8,1008,1.083,25,1.332
Large,cap121,P3,SPEA2,8,1008,1.070,22,4.372
Large,cap121,P3,NSGA-II,9,1009,1.062,24,1.359
Large,cap121,P3,SPEA2,9,1009,1.072,21,2.436
Large,cap121,P3,NSGA-II,10,1010,1.094,22,1.353
Large,cap121,P3,SPEA2,10,1010,1.088,23,2.457
Large,cap122,P1,NSGA-II,1,1001,1.045,27,0.531
Large,cap122,P1,SPEA2,1,1001,1.053,26,2.046
Large,cap122,P1,NSGA-II,2,1002,1.067,24,0.522
Large,cap122,P1,SPEA2,2,1002,1.082,23,2.218
Large,cap122,P1,NSGA-II,3,1003,1.073,24,0.524
Large,cap122,P1,SPEA2,3,1003,1.053,20,2.504
Large,cap122,P1,NSGA-II,4,1004,1.080,23,0.519
Large,cap122,P1,SPEA2,4,1004,1.069,21,2.076
Large,cap122,P1,NSGA-II,5,1005,1.071,26,0.581
Large,cap122,P1,SPEA2,5,1005,1.076,23,2.051
Large,cap122,P1,NSGA-II,6,1006,1.042,24,0.614
Large,cap122,P1,SPEA2,6,1006,1.034,21,1.948
Large,cap122,P1,NSGA-II,7,1007,1.062,24,0.522
Large,cap122,P1,SPEA2,7,1007,1.059,24,2.258
Large,cap122,P1,NSGA-II,8,1008,1.046,23,0.529
Large,cap122,P1,SPEA2,8,1008,1.032,23,2.694
Large,cap122,P1,NSGA-II,9,1009,1.070,19,0.522
Large,cap122,P1,SPEA2,9,1009,1.054,22,2.257
Large,cap122,P1,NSGA-II,10,1010,1.022,25,0.527
Large,cap122,P1,SPEA2,10,1010,1.036,24,2.247
Large,cap122,P2,NSGA-II,1,1001,1.082,25,0.934
Large,cap122,P2,SPEA2,1,1001,1.070,23,3.728
Large,cap122,P2,NSGA-II,2,1002,1.071,24,0.925
Large,cap122,P2,SPEA2,2,1002,1.078,19,4.896
Large,cap122,P2,NSGA-II,3,1003,1.105,19,0.944
Large,cap122,P2,SPEA2,3,1003,1.065,20,4.129
Large,cap122,P2,NSGA-II,4,1004,1.061,20,0.943
Large,cap122,P2,SPEA2,4,1004,1.052,22,2.905
Large,cap122,P2,NSGA-II,5,1005,1.081,23,0.976
Large,cap122,P2,SPEA2,5,1005,1.078,26,2.980
Large,cap122,P2,NSGA-II,6,1006,1.061,25,0.971
Large,cap122,P2,SPEA2,6,1006,1.064,25,2.847
Large,cap122,P2,NSGA-II,7,1007,1.064,27,0.924
Large,cap122,P2,SPEA2,7,1007,1.102,24,3.140
Large,cap122,P2,NSGA-II,8,1008,1.061,24,0.932
Large,cap122,P2,SPEA2,8,1008,1.061,20,3.222
Large,cap122,P2,NSGA-II,9,1009,1.078,24,0.943
Large,cap122,P2,SPEA2,9,1009,1.077,22,3.060
Large,cap122,P2,NSGA-II,10,1010,1.104,21,0.933
Large,cap122,P2,SPEA2,10,1010,1.101,23,4.354
Large,cap122,P3,NSGA-II,1,1001,1.086,22,1.353
Large,cap122,P3,SPEA2,1,1001,1.078,21,2.461
Large,cap122,P3,NSGA-II,2,1002,1.089,25,1.338
Large,cap122,P3,SPEA2,2,1002,1.063,26,3.260
Large,cap122,P3,NSGA-II,3,1003,1.073,23,1.366
Large,cap122,P3,SPEA2,3,1003,1.108,20,2.609
Large,cap122,P3,NSGA-II,4,1004,1.078,29,1.334
Large,cap122,P3,SPEA2,4,1004,1.061,23,2.513
Large,cap122,P3,NSGA-II,5,1005,1.083,24,1.418
Large,cap122,P3,SPEA2,5,1005,1.077,26,3.626
Large,cap122,P3,NSGA-II,6,1006,1.037,24,1.381
Large,cap122,P3,SPEA2,6,1006,1.036,22,4.359
Large,cap122,P3,NSGA-II,7,1007,1.075,25,1.368
Large,cap122,P3,SPEA2,7,1007,1.080,25,2.464
Large,cap122,P3,NSGA-II,8,1008,1.083,25,1.365
Large,cap122,P3,SPEA2,8,1008,1.076,25,3.190
Large,cap122,P3,NSGA-II,9,1009,1.062,24,1.404
Large,cap122,P3,SPEA2,9,1009,1.072,21,2.486
Large,cap122,P3,NSGA-II,10,1010,1.094,22,1.362
Large,cap122,P3,SPEA2,10,1010,1.088,23,2.462
