Category,Instance,Config,Algorithm,Mean HV,Std HV,Best HV,Worst HV,Mean ND,Mean time
Small,cap61,P1,NSGA-II,0.979,0.026,1.009,0.925,8.300,0.522
Small,cap61,P1,SPEA2,0.985,0.048,1.071,0.918,8.400,2.403
Small,cap61,P2,NSGA-II,1.019,0.026,1.058,0.976,8.600,0.910
Small,cap61,P2,SPEA2,1.019,0.036,1.064,0.953,8.800,2.339
Small,cap61,P3,NSGA-II,1.039,0.022,1.077,1.006,9.700,1.287
Small,cap61,P3,SPEA2,1.038,0.016,1.062,1.014,9.300,2.387
Small,cap62,P1,NSGA-II,0.982,0.032,1.044,0.925,8.400,0.519
Small,cap62,P1,SPEA2,0.984,0.049,1.071,0.918,8.400,2.429
Small,cap62,P2,NSGA-II,1.019,0.026,1.058,0.976,8.600,0.908
Small,cap62,P2,SPEA2,1.020,0.030,1.064,0.970,8.600,2.531
Small,cap62,P3,NSGA-II,1.039,0.022,1.077,1.010,9.800,1.288
Small,cap62,P3,SPEA2,1.037,0.020,1.062,0.999,9.200,2.482
Medium,cap101,P1,NSGA-II,0.923,0.028,0.973,0.878,14.900,0.501
Medium,cap101,P1,SPEA2,0.916,0.028,0.951,0.871,14.100,2.176
Medium,cap101,P2,NSGA-II,0.969,0.035,1.023,0.912,14.100,0.898
Medium,cap101,P2,SPEA2,0.959,0.027,1.000,0.916,14.900,2.776
Medium,cap101,P3,NSGA-II,0.983,0.029,1.040,0.934,15.200,1.280
Medium,cap101,P3,SPEA2,0.970,0.035,1.028,0.916,15.900,2.449
Medium,cap102,P1,NSGA-II,0.923,0.028,0.973,0.878,14.900,0.502
Medium,cap102,P1,SPEA2,0.916,0.028,0.951,0.871,14.100,2.175
Medium,cap102,P2,NSGA-II,0.969,0.035,1.023,0.912,14.100,0.893
Medium,cap102,P2,SPEA2,0.959,0.027,1.000,0.916,14.900,2.766
Medium,cap102,P3,NSGA-II,0.983,0.029,1.040,0.934,15.200,1.284
Medium,cap102,P3,SPEA2,0.970,0.035,1.028,0.916,15.900,2.458
Large,cap121,P1,NSGA-II,1.058,0.018,1.080,1.022,23.900,0.538
Large,cap121,P1,SPEA2,1.055,0.017,1.082,1.032,22.700,2.226
Large,cap121,P2,NSGA-II,1.077,0.017,1.105,1.061,23.200,0.935
Large,cap121,P2,SPEA2,1.075,0.016,1.102,1.052,22.400,3.504
Large,cap121,P3,NSGA-II,1.076,0.016,1.094,1.037,24.300,1.343
Large,cap121,P3,SPEA2,1.073,0.019,1.108,1.036,22.900,3.007
Large,cap122,P1,NSGA-II,1.058,0.018,1.080,1.022,23.900,0.535
Large,cap122,P1,SPEA2,1.055,0.017,1.082,1.032,22.700,2.213
Large,cap122,P2,NSGA-II,1.077,0.017,1.105,1.061,23.200,0.927
Large,cap122,P2,SPEA2,1.075,0.016,1.102,1.052,22.400,3.497
Large,cap122,P3,NSGA-II,1.076,0.016,1.094,1.037,24.300,1.335
Large,cap122,P3,SPEA2,1.074,0.019,1.108,1.036,23.200,2.864
